,deposit
6260,0
8472,0
2067,1
5632,0
1047,1
2650,1
2729,1
414,1
7801,0
7530,0
5022,0
8073,0
4215,0
8418,0
6662,0
3381,1
4048,0
4707,0
5317,0
2191,1
1583,1
1412,1
3524,1
7832,0
7536,0
5925,0
7045,0
1507,1
2651,1
6079,0
1888,1
842,1
1146,1
7157,0
5035,0
5614,0
7132,0
1253,1
463,1
7018,0
5244,0
7819,0
2436,1
7506,0
7755,0
378,1
8406,0
5918,0
1335,1
1223,1
6041,0
668,1
7501,0
6415,0
8400,0
4404,0
1835,1
4597,0
7265,0
5589,0
4510,0
6571,0
4782,0
2406,1
5669,0
5660,0
8309,0
2302,1
7328,0
3532,1
1189,1
2008,1
4871,0
3410,1
1981,1
1832,1
5141,0
1406,1
1561,1
7077,0
1175,1
6373,0
2698,1
7893,0
8114,0
5935,0
214,1
4881,0
7571,0
547,1
5698,0
1545,1
7614,0
4730,0
4306,0
172,1
1726,1
5470,0
2183,1
594,1
7427,0
1615,1
1755,1
6358,0
6482,0
6499,0
231,1
5488,0
2683,1
8223,0
5692,0
8489,0
3555,1
7884,0
2818,1
8058,0
5689,0
6527,0
4196,0
4664,0
7346,0
7273,0
1515,1
216,1
1038,1
323,1
2516,1
4482,0
2572,1
4141,0
5461,0
7445,0
893,1
2312,1
3992,0
3438,1
3590,1
324,1
1215,1
3698,1
4439,0
4237,0
4958,0
7968,0
5494,0
1730,1
4447,0
3011,1
1129,1
2794,1
4319,0
1952,1
4477,0
664,1
1877,1
3070,1
208,1
7212,0
747,1
1915,1
5556,0
798,1
88,1
734,1
196,1
2189,1
3570,1
6023,0
1174,1
3535,1
4568,0
3332,1
5746,0
2318,1
5681,0
6935,0
3785,0
1153,1
198,1
5707,0
4100,0
8131,0
1097,1
548,1
8376,0
4787,0
4603,0
6498,0
1321,1
3842,0
3882,0
3543,1
8296,0
4794,0
5019,0
5049,0
7191,0
4077,0
5329,0
6176,0
5907,0
5662,0
7991,0
7358,0
8421,0
2199,1
4210,0
937,1
5044,0
3349,1
4932,0
1793,1
622,1
6018,0
7028,0
2968,1
5527,0
5216,0
7220,0
8307,0
7107,0
6570,0
4245,0
4279,0
2879,1
7465,0
5973,0
7439,0
620,1
1544,1
4564,0
8229,0
4506,0
14,1
478,1
1352,1
2288,1
4270,0
3176,1
6301,0
2215,1
7546,0
4693,0
1033,1
5198,0
286,1
550,1
2149,1
4900,0
7337,0
2495,1
7627,0
2321,1
8153,0
3964,0
2609,1
1916,1
7825,0
1569,1
1425,1
2842,1
2943,1
3542,1
1871,1
5509,0
6689,0
7493,0
2358,1
8111,0
8408,0
3826,0
4287,0
527,1
2697,1
7111,0
3379,1
7169,0
5528,0
7463,0
6159,0
5992,0
7031,0
2829,1
1149,1
3397,1
3064,1
2184,1
6675,0
0,1
701,1
5411,0
8249,0
7073,0
6532,0
6552,0
5969,0
3307,1
5970,0
1554,1
6712,0
7305,0
5001,0
7351,0
4031,0
4883,0
6744,0
833,1
1677,1
6796,0
3994,0
7383,0
549,1
1020,1
248,1
7197,0
2138,1
296,1
6830,0
57,1
5214,0
4844,0
7416,0
6244,0
7657,0
6370,0
4382,0
4229,0
100,1
2845,1
5062,0
5993,0
2061,1
5430,0
111,1
6721,0
3003,1
532,1
3182,1
5610,0
3153,1
6141,0
4022,0
1370,1
3881,0
346,1
6680,0
7464,0
2807,1
8473,0
681,1
434,1
4409,0
3092,1
1489,1
812,1
1882,1
4970,0
2316,1
1940,1
7036,0
3707,1
3464,1
1181,1
1375,1
7231,0
3715,1
626,1
2458,1
1669,1
8490,0
3780,0
7534,0
84,1
3710,1
2306,1
2522,1
418,1
5432,0
3991,0
293,1
7881,0
1506,1
8426,0
6567,0
1634,1
3184,1
8140,0
1563,1
6634,0
6990,0
1979,1
1883,1
438,1
3787,0
6729,0
6749,0
3434,1
6587,0
373,1
3469,1
5583,0
7736,0
2481,1
2576,1
1784,1
4746,0
2706,1
2499,1
5292,0
4789,0
4348,0
2251,1
6076,0
6698,0
3424,1
4550,0
7015,0
6485,0
1541,1
8044,0
322,1
2031,1
4487,0
2833,1
6780,0
7748,0
110,1
3214,1
7634,0
1079,1
2291,1
7369,0
5095,0
7781,0
1164,1
6304,0
1450,1
8180,0
5815,0
4959,0
4338,0
7313,0
5837,0
2918,1
5780,0
2543,1
3296,1
4489,0
2874,1
1514,1
7395,0
1451,1
2020,1
4125,0
4151,0
3973,0
838,1
8424,0
7783,0
6379,0
6081,0
3688,1
6615,0
450,1
3884,0
1714,1
5513,0
4233,0
339,1
3322,1
6601,0
1419,1
34,1
6540,0
2523,1
3942,0
1410,1
3127,1
4013,0
7771,0
889,1
7779,0
2534,1
5270,0
8385,0
7889,0
7138,0
432,1
3358,1
3375,1
3210,1
8457,0
6574,0
6628,0
1886,1
2554,1
1786,1
6127,0
2882,1
2181,1
6920,0
5128,0
2069,1
5471,0
3100,1
880,1
3139,1
5469,0
2577,1
5500,0
8069,0
7170,0
2283,1
1706,1
1158,1
8434,0
6883,0
7382,0
8097,0
5605,0
4471,0
5838,0
2317,1
7873,0
3909,0
1782,1
7790,0
6605,0
3768,1
904,1
8209,0
3320,1
6599,0
4046,0
2080,1
1565,1
4309,0
8137,0
2826,1
3066,1
5360,0
1113,1
2498,1
5154,0
4709,0
5046,0
254,1
4372,0
7681,0
2641,1
2913,1
5169,0
5719,0
2354,1
303,1
8186,0
3984,0
5809,0
1436,1
2858,1
5982,0
376,1
1869,1
5476,0
3529,1
7890,0
1658,1
755,1
5190,0
3950,0
290,1
7394,0
2750,1
2118,1
5830,0
5027,0
501,1
6334,0
6281,0
5814,0
1539,1
4428,0
4012,0
6769,0
672,1
5739,0
4625,0
8335,0
4353,0
4606,0
6836,0
1464,1
3317,1
6872,0
1192,1
6416,0
2264,1
421,1
505,1
5828,0
1582,1
506,1
4828,0
2471,1
6637,0
2126,1
6621,0
3032,1
2333,1
8150,0
347,1
7730,0
3121,1
7654,0
6765,0
8199,0
312,1
746,1
5129,0
2024,1
7030,0
4184,0
6723,0
6363,0
5785,0
5111,0
259,1
6620,0
7422,0
380,1
6751,0
3043,1
1912,1
7340,0
599,1
45,1
1444,1
1652,1
7080,0
1893,1
3470,1
4793,0
8294,0
5928,0
1966,1
2375,1
5137,0
6860,0
5544,0
1600,1
7271,0
3614,1
4011,0
7762,0
3393,1
2685,1
426,1
410,1
7323,0
7542,0
3365,1
7171,0
3217,1
210,1
6931,0
3016,1
5220,0
5206,0
1049,1
4412,0
7283,0
4773,0
3428,1
1972,1
8238,0
5072,0
1499,1
1109,1
4829,0
6492,0
652,1
4376,0
7436,0
1795,1
1702,1
3166,1
5021,0
4607,0
1498,1
4928,0
6460,0
2178,1
8394,0
6975,0
7303,0
4246,0
705,1
1872,1
7106,0
3044,1
3442,1
4332,0
7743,0
5335,0
3777,1
6525,0
565,1
5547,0
2751,1
2586,1
640,1
6968,0
6060,0
5987,0
6926,0
1964,1
5804,0
3378,1
325,1
5652,0
2338,1
6870,0
3268,1
4087,0
2237,1
5799,0
6505,0
7708,0
8207,0
3400,1
2851,1
864,1
4222,0
7413,0
2860,1
4253,0
7820,0
371,1
3916,0
8179,0
7690,0
6918,0
7703,0
7946,0
4903,0
8308,0
5630,0
1360,1
911,1
3621,1
5389,0
4701,0
6056,0
3315,1
964,1
1423,1
122,1
479,1
662,1
7799,0
7342,0
2592,1
5709,0
7620,0
439,1
1379,1
3855,0
1443,1
4791,0
3312,1
1477,1
7381,0
1173,1
4953,0
3685,1
4529,0
3123,1
4586,0
3684,1
279,1
5595,0
4848,0
5058,0
1101,1
568,1
1694,1
2537,1
3017,1
8270,0
7502,0
2540,1
577,1
59,1
787,1
3977,0
7844,0
8202,0
7317,0
2670,1
5454,0
2753,1
2868,1
4228,0
2988,1
8038,0
6419,0
7123,0
3245,1
7428,0
184,1
4099,0
4762,0
420,1
7763,0
553,1
1397,1
7830,0
3520,1
4556,0
1760,1
7508,0
297,1
443,1
777,1
1119,1
3172,1
6954,0
1921,1
655,1
2229,1
7292,0
6063,0
3898,0
5379,0
2457,1
6795,0
2754,1
7017,0
5914,0
558,1
7370,0
1371,1
907,1
4292,0
1433,1
6978,0
4824,0
3142,1
6539,0
6289,0
926,1
3816,0
2470,1
15,1
7922,0
6566,0
2363,1
4706,0
6251,0
1161,1
8105,0
4647,0
3409,1
2755,1
3382,1
2579,1
1362,1
5957,0
1212,1
1876,1
6444,0
2859,1
4291,0
7810,0
4423,0
3653,1
1170,1
579,1
2182,1
3405,1
7605,0
1833,1
6458,0
1859,1
2995,1
6075,0
4591,0
2999,1
7181,0
387,1
8247,0
1032,1
7796,0
2488,1
7544,0
3047,1
2820,1
2718,1
931,1
3105,1
691,1
3578,1
1891,1
2268,1
6726,0
3392,1
6964,0
7316,0
7402,0
44,1
6580,0
3002,1
7719,0
4053,0
5440,0
6802,0
7453,0
1683,1
6549,0
3708,1
6209,0
63,1
617,1
4490,0
5586,0
227,1
6531,0
5492,0
7359,0
7633,0
969,1
1805,1
2447,1
3399,1
4559,0
4649,0
7076,0
3202,1
7189,0
1860,1
4427,0
5617,0
6756,0
6058,0
252,1
7097,0
5685,0
1789,1
7236,0
2059,1
4604,0
2825,1
5226,0
1902,1
2119,1
6475,0
3949,0
3288,1
3473,1
4162,0
4989,0
75,1
2345,1
2351,1
5912,0
430,1
6479,0
3995,0
4194,0
5672,0
6814,0
5621,0
8221,0
5964,0
6993,0
5499,0
240,1
783,1
1354,1
5826,0
977,1
809,1
2168,1
6666,0
1599,1
4275,0
6061,0
6784,0
5482,0
1620,1
3350,1
1482,1
2146,1
1801,1
2095,1
4374,0
1357,1
5793,0
7207,0
5117,0
4379,0
3487,1
3801,0
3094,1
4165,0
6555,0
3891,0
3161,1
7624,0
2328,1
29,1
5121,0
6687,0
1092,1
124,1
4634,0
6409,0
3589,1
5359,0
2298,1
5581,0
1553,1
7934,0
598,1
6720,0
1416,1
6391,0
4525,0
7752,0
7388,0
2197,1
6516,0
4936,0
725,1
3080,1
8136,0
808,1
6001,0
958,1
5283,0
3887,0
810,1
834,1
7848,0
2423,1
4631,0
3050,1
1235,1
1225,1
7156,0
8304,0
3574,1
8486,0
3422,1
5362,0
3467,1
6214,0
3880,0
6025,0
1657,1
7461,0
7443,0
452,1
5769,0
5112,0
5680,0
2619,1
422,1
1220,1
3617,1
4927,0
8168,0
6962,0
102,1
2418,1
5377,0
7699,0
3761,1
1580,1
8258,0
2206,1
170,1
6487,0
135,1
7210,0
4938,0
1310,1
7875,0
2284,1
7016,0
7917,0
6088,0
5012,0
1935,1
3060,1
4918,0
3238,1
807,1
2045,1
3370,1
462,1
1956,1
2445,1
4224,0
799,1
2402,1
7958,0
1073,1
8444,0
144,1
5905,0
1340,1
3290,1
3742,1
2091,1
5446,0
7839,0
5557,0
4894,0
5210,0
3352,1
5248,0
7088,0
1003,1
4961,0
5227,0
7753,0
555,1
3113,1
7374,0
1485,1
6268,0
1272,1
4267,0
1411,1
7720,0
8003,0
1471,1
4418,0
7244,0
3979,0
5192,0
6977,0
6021,0
4250,0
7504,0
981,1
7429,0
3886,0
2722,1
7724,0
1268,1
2462,1
4622,0
268,1
654,1
3091,1
8070,0
3362,1
5371,0
2821,1
4965,0
589,1
495,1
3231,1
3704,1
4801,0
4397,0
5508,0
5635,0
3794,0
1808,1
4290,0
7533,0
3505,1
2028,1
4913,0
677,1
6356,0
6225,0
4003,0
3693,1
7618,0
4535,0
7590,0
2432,1
4560,0
4411,0
551,1
6820,0
4296,0
3418,1
1611,1
7180,0
7435,0
3039,1
6440,0
7603,0
3128,1
4541,0
4335,0
7564,0
605,1
3739,1
4393,0
1468,1
6468,0
8175,0
4280,0
890,1
7756,0
5395,0
843,1
2155,1
5531,0
8300,0
2077,1
4995,0
5722,0
7069,0
4195,0
2799,1
6811,0
584,1
4860,0
7233,0
4862,0
3328,1
6318,0
6793,0
5602,0
3941,0
4474,0
2941,1
4630,0
8327,0
2550,1
6182,0
344,1
7175,0
5071,0
6115,0
8212,0
871,1
4067,0
6792,0
4355,0
4771,0
90,1
4301,0
5153,0
5434,0
8264,0
5687,0
2117,1
2937,1
4641,0
8373,0
2836,1
5014,0
3593,1
947,1
2925,1
3686,1
3790,0
4645,0
883,1
5070,0
4442,0
5076,0
3396,1
3817,0
8031,0
6480,0
5861,0
6062,0
5845,0
6284,0
6430,0
2415,1
4231,0
6656,0
3908,0
5894,0
7898,0
2899,1
6537,0
2398,1
2209,1
1710,1
104,1
5148,0
1186,1
4331,0
8315,0
6309,0
6678,0
8399,0
151,1
915,1
1305,1
3377,1
3767,1
5787,0
7972,0
7664,0
5155,0
6128,0
7285,0
2796,1
8185,0
1398,1
2519,1
183,1
6791,0
366,1
6033,0
4284,0
7894,0
2417,1
471,1
967,1
5852,0
7666,0
2656,1
6069,0
209,1
1961,1
896,1
6654,0
4967,0
5357,0
1773,1
4608,0
2299,1
1209,1
4689,0
4990,0
8471,0
1270,1
1251,1
4273,0
5963,0
3806,0
5278,0
4633,0
292,1
3837,0
1051,1
4509,0
3918,0
272,1
2042,1
4640,0
7904,0
5096,0
6818,0
1086,1
4169,0
5316,0
2903,1
4812,0
6286,0
3244,1
5004,0
5573,0
5909,0
5404,0
3527,1
4950,0
6589,0
613,1
7437,0
4302,0
4032,0
4886,0
7568,0
1748,1
7896,0
6715,0
3784,0
3096,1
6151,0
2910,1
2662,1
4685,0
6917,0
2154,1
1344,1
8347,0
7733,0
7274,0
4680,0
952,1
7846,0
5277,0
1504,1
4842,0
1806,1
3668,1
1121,1
7131,0
7970,0
5271,0
4252,0
4328,0
3721,1
5229,0
5702,0
6705,0
416,1
2973,1
5184,0
2431,1
3459,1
564,1
2526,1
3966,0
1224,1
142,1
4342,0
1490,1
6808,0
3260,1
3463,1
8461,0
6285,0
2653,1
2004,1
1194,1
7199,0
6013,0
5369,0
1756,1
497,1
7640,0
4863,0
870,1
912,1
721,1
3204,1
8446,0
6388,0
7393,0
1496,1
4001,0
1520,1
5603,0
2746,1
4085,0
314,1
4039,0
7644,0
108,1
1754,1
6156,0
1351,1
3129,1
5247,0
6913,0
480,1
3861,0
1973,1
336,1
2764,1
6424,0
6178,0
5310,0
4055,0
524,1
6871,0
6425,0
5228,0
2809,1
724,1
765,1
7840,0
5944,0
4919,0
307,1
1278,1
348,1
4313,0
6829,0
4030,0
6384,0
7940,0
1791,1
4561,0
4740,0
5808,0
6181,0
2053,1
8325,0
6108,0
71,1
6835,0
2759,1
6157,0
7275,0
5457,0
5972,0
7153,0
5850,0
4386,0
1260,1
1666,1
3540,1
7961,0
4657,0
6000,0
2167,1
1445,1
2533,1
1695,1
2892,1
1095,1
6606,0
6427,0
3203,1
4420,0
1630,1
5368,0
1881,1
4712,0
5885,0
1612,1
978,1
1413,1
6242,0
5517,0
848,1
4852,0
4461,0
7905,0
2877,1
2271,1
2392,1
7195,0
1830,1
3279,1
8037,0
3879,0
47,1
6226,0
4769,0
1350,1
8156,0
5026,0
6663,0
446,1
2248,1
1743,1
844,1
4370,0
8267,0
3404,1
7105,0
2440,1
3103,1
6509,0
678,1
7598,0
7540,0
4923,0
1294,1
3626,1
4343,0
4955,0
8184,0
6280,0
6098,0
1112,1
3303,1
776,1
8250,0
2231,1
2228,1
2153,1
5967,0
5613,0
5059,0
7928,0
5160,0
6248,0
1366,1
1469,1
1851,1
3183,1
1963,1
7444,0
5253,0
3199,1
5314,0
1289,1
485,1
2239,1
8133,0
8169,0
3706,1
4880,0
8453,0
30,1
4401,0
1879,1
6364,0
3518,1
3728,1
4057,0
6270,0
5839,0
5663,0
6003,0
1036,1
636,1
7168,0
5576,0
7780,0
1083,1
2615,1
861,1
7152,0
903,1
191,1
109,1
8318,0
4897,0
3889,0
4333,0
7354,0
7537,0
6504,0
1831,1
4078,0
4937,0
6022,0
782,1
563,1
8227,0
5366,0
2775,1
8326,0
4890,0
8311,0
1825,1
2617,1
6050,0
1094,1
6160,0
3169,1
4651,0
6057,0
5333,0
8422,0
8066,0
7585,0
3411,1
5013,0
1654,1
7173,0
8026,0
2323,1
2413,1
6724,0
2654,1
3592,1
5337,0
5344,0
2678,1
8048,0
6223,0
5708,0
4667,0
7923,0
4092,0
178,1
5391,0
6231,0
1534,1
8224,0
3985,0
3286,1
1204,1
2202,1
4074,0
7174,0
6768,0
4856,0
5736,0
975,1
4191,0
1770,1
829,1
941,1
3781,0
2486,1
627,1
8149,0
5157,0
925,1
3033,1
295,1
1052,1
7071,0
2707,1
3221,1
3833,0
7851,0
4891,0
3413,1
2789,1
944,1
8196,0
7268,0
8188,0
12,1
1117,1
6394,0
3255,1
7047,0
2690,1
2213,1
4325,0
6204,0
5856,0
1319,1
779,1
8393,0
8013,0
3130,1
4189,0
7096,0
433,1
653,1
2477,1
5591,0
4035,0
5106,0
5282,0
6778,0
3639,1
8377,0
4209,0
5394,0
2886,1
3135,1
7070,0
3723,1
6397,0
3541,1
4140,0
6101,0
2904,1
570,1
1448,1
4294,0
4584,0
5054,0
4764,0
3905,0
7211,0
1745,1
2741,1
1590,1
3226,1
8273,0
2236,1
287,1
1738,1
5503,0
8465,0
4094,0
5438,0
5231,0
1923,1
7553,0
2827,1
1684,1
5716,0
1338,1
3262,1
4610,0
2742,1
993,1
7188,0
650,1
7612,0
2902,1
2258,1
5120,0
7965,0
2986,1
7751,0
2121,1
7217,0
3836,0
6828,0
1564,1
6702,0
6576,0
2584,1
8351,0
2185,1
3196,1
708,1
1231,1
5549,0
4102,0
1258,1
2254,1
1951,1
6339,0
8143,0
3504,1
113,1
7431,0
2509,1
7788,0
6432,0
4463,0
7216,0
2548,1
4060,0
507,1
5623,0
4486,0
949,1
4949,0
4127,0
7291,0
5143,0
2850,1
7902,0
4921,0
2300,1
3661,1
350,1
5185,0
2906,1
7149,0
4902,0
2505,1
2620,1
4745,0
1114,1
2846,1
8281,0
298,1
1675,1
3347,1
7050,0
2735,1
4056,0
6691,0
7150,0
5821,0
7086,0
6602,0
1937,1
229,1
76,1
103,1
7997,0
1722,1
5647,0
2103,1
6894,0
6501,0
5353,0
5876,0
5684,0
6084,0
5867,0
1614,1
607,1
7700,0
5170,0
1093,1
4708,0
2622,1
7100,0
8414,0
160,1
203,1
2387,1
4241,0
5040,0
837,1
2934,1
5266,0
4271,0
2435,1
1230,1
6879,0
6608,0
8177,0
1609,1
8194,0
6779,0
5516,0
4952,0
5165,0
4692,0
2732,1
7913,0
4659,0
6741,0
7256,0
5823,0
4514,0
3820,0
5711,0
7289,0
6875,0
4028,0
4467,0
6730,0
657,1
790,1
3844,0
5332,0
7226,0
6167,0
2561,1
2640,1
1359,1
6443,0
6445,0
2347,1
5953,0
3745,1
2781,1
4672,0
8163,0
6669,0
3308,1
6803,0
7649,0
6324,0
615,1
6274,0
2575,1
6710,0
2314,1
3340,1
6515,0
1705,1
6224,0
3869,0
3795,0
7474,0
1780,1
8462,0
6653,0
803,1
857,1
3647,1
4996,0
8383,0
990,1
5901,0
5365,0
4629,0
3513,1
3813,0
6200,0
219,1
6575,0
1288,1
3163,1
582,1
2618,1
3612,1
43,1
1234,1
6186,0
4698,0
3571,1
6357,0
4084,0
7711,0
8349,0
4999,0
3439,1
1892,1
5339,0
7663,0
3272,1
5011,0
7243,0
3480,1
1071,1
718,1
4518,0
2364,1
1505,1
3195,1
670,1
5045,0
2952,1
5900,0
7008,0
7094,0
897,1
4454,0
5896,0
7054,0
2666,1
3550,1
3193,1
2890,1
4738,0
7341,0
1530,1
4515,0
7327,0
5037,0
6995,0
39,1
4204,0
4288,0
4024,0
6695,0
1874,1
2370,1
1769,1
6381,0
220,1
1983,1
531,1
8167,0
6625,0
4450,0
2881,1
81,1
684,1
7133,0
3903,0
2163,1
731,1
3406,1
2339,1
6385,0
2232,1
8439,0
7541,0
2565,1
5559,0
6497,0
5041,0
7596,0
4303,0
8246,0
2705,1
1255,1
2104,1
4722,0
4823,0
4819,0
898,1
428,1
6074,0
6884,0
6864,0
3484,1
7929,0
1222,1
6372,0
4129,0
8033,0
5641,0
3912,0
6631,0
1621,1
7823,0
3164,1
4502,0
8119,0
1096,1
2715,1
2072,1
7910,0
7725,0
6258,0
3870,0
7386,0
5151,0
2588,1
3982,0
3458,1
1788,1
6365,0
3608,1
4407,0
528,1
4464,0
4475,0
192,1
820,1
1126,1
7378,0
5890,0
1030,1
7842,0
304,1
5074,0
1292,1
70,1
7729,0
3353,1
4997,0
2687,1
4029,0
4574,0
4304,0
831,1
6834,0
1456,1
2607,1
5361,0
238,1
92,1
2977,1
8191,0
4557,0
6034,0
4817,0
4827,0
6693,0
7373,0
5525,0
1001,1
4538,0
8305,0
2377,1
4901,0
7426,0
3552,1
7223,0
3360,1
3246,1
5813,0
1532,1
2410,1
5007,0
5321,0
411,1
6302,0
7660,0
146,1
4710,0
2805,1
6824,0
8088,0
5300,0
6459,0
3082,1
3611,1
4857,0
1736,1
7662,0
5642,0
8193,0
7709,0
6690,0
4058,0
633,1
3021,1
498,1
2985,1
2463,1
4925,0
637,1
720,1
6142,0
288,1
757,1
8014,0
4168,0
3089,1
4776,0
5202,0
7348,0
449,1
596,1
7299,0
4392,0
4180,0
1068,1
1942,1
1647,1
494,1
3443,1
5008,0
5775,0
2700,1
7712,0
1700,1
7060,0
8142,0
5199,0
4269,0
2942,1
7184,0
4122,0
2518,1
2123,1
7673,0
86,1
3497,1
2308,1
2677,1
5920,0
5562,0
7296,0
2594,1
4414,0
3058,1
1029,1
136,1
2876,1
4922,0
4119,0
2144,1
7352,0
6921,0
5507,0
3433,1
1200,1
2025,1
621,1
7966,0
3460,1
566,1
8359,0
1837,1
1334,1
4359,0
8274,0
3927,0
2099,1
4362,0
5458,0
8094,0
5766,0
1688,1
4704,0
745,1
6006,0
2330,1
3515,1
2187,1
195,1
1152,1
4076,0
5816,0
802,1
3666,1
5381,0
2350,1
5706,0
4192,0
7931,0
5678,0
2068,1
2907,1
4230,0
7570,0
644,1
7745,0
6584,0
4104,0
4299,0
6253,0
4816,0
120,1
1777,1
2981,1
4678,0
3074,1
7040,0
5239,0
7643,0
3035,1
6237,0
2135,1
6129,0
5354,0
4466,0
134,1
7737,0
4516,0
7565,0
4655,0
3256,1
8171,0
1162,1
2559,1
3733,1
62,1
3937,0
3601,1
5730,0
7619,0
4716,0
1642,1
5168,0
8380,0
2467,1
679,1
4896,0
741,1
1211,1
2170,1
6626,0
3641,1
6005,0
5842,0
2900,1
3258,1
567,1
1873,1
648,1
2596,1
1717,1
7264,0
2843,1
7355,0
1392,1
6598,0
6246,0
5235,0
6366,0
5849,0
4113,0
6442,0
489,1
493,1
690,1
6152,0
3821,0
602,1
1911,1
6045,0
2880,1
6134,0
6227,0
4149,0
3757,1
5382,0
8263,0
2366,1
7462,0
1187,1
274,1
4960,0
8023,0
1361,1
4307,0
1526,1
6126,0
4381,0
337,1
1551,1
330,1
8225,0
1337,1
3901,0
3010,1
945,1
8255,0
2250,1
6897,0
801,1
4851,0
2346,1
68,1
6435,0
6245,0
2784,1
1598,1
4609,0
5164,0
8151,0
1503,1
4813,0
150,1
2804,1
5786,0
2086,1
3751,1
7985,0
2259,1
4017,0
5835,0
8147,0
7448,0
3856,0
859,1
5460,0
7529,0
5265,0
6478,0
6523,0
6155,0
1779,1
4220,0
6272,0
1818,1
5609,0
2704,1
175,1
2093,1
6378,0
3491,1
7023,0
82,1
816,1
5285,0
7009,0
283,1
6889,0
5375,0
6953,0
2915,1
1813,1
1271,1
4264,0
8102,0
6535,0
5286,0
2642,1
5696,0
2305,1
4682,0
3849,0
8364,0
6201,0
7986,0
2414,1
3554,1
2195,1
2600,1
6149,0
3366,1
4367,0
4744,0
2633,1
5883,0
2434,1
8165,0
4868,0
4766,0
3545,1
4295,0
6867,0
517,1
4405,0
4947,0
1415,1
6997,0
127,1
3474,1
5728,0
2438,1
3765,1
4198,0
5643,0
8295,0
1473,1
4982,0
3560,1
3951,0
49,1
6538,0
887,1
7909,0
516,1
3168,1
2949,1
1424,1
139,1
1924,1
2378,1
3197,1
112,1
3250,1
5324,0
7134,0
8265,0
3277,1
5723,0
6740,0
6763,0
6513,0
5307,0
7911,0
6839,0
451,1
3731,1
7081,0
6866,0
2763,1
658,1
5523,0
999,1
389,1
3407,1
1476,1
2240,1
7870,0
7308,0
3922,0
2972,1
3386,1
1293,1
8012,0
2873,1
4173,0
2535,1
7360,0
1907,1
6055,0
368,1
1151,1
8487,0
4593,0
5911,0
4684,0
5407,0
4160,0
7749,0
6661,0
174,1
1903,1
1099,1
5825,0
3408,1
1538,1
2292,1
7623,0
1363,1
7260,0
6569,0
680,1
5502,0
3664,1
1661,1
508,1
166,1
6046,0
1006,1
8055,0
5945,0
3494,1
6037,0
8278,0
2536,1
1104,1
3875,0
5405,0
1752,1
5020,0
2916,1
5790,0
152,1
3907,0
7366,0
2552,1
2773,1
4395,0
3551,1
3722,1
6114,0
6453,0
5107,0
1822,1
4086,0
5180,0
6771,0
5272,0
6068,0
309,1
7789,0
3599,1
3622,1
6300,0
3450,1
205,1
1135,1
2749,1
3613,1
305,1
1849,1
7609,0
1988,1
3240,1
2798,1
5550,0
3109,1
4059,0
1987,1
5903,0
383,1
3388,1
7033,0
2727,1
8363,0
4528,0
6685,0
5792,0
3832,0
6719,0
4276,0
253,1
8091,0
5246,0
278,1
3252,1
2480,1
289,1
4385,0
3075,1
5817,0
5465,0
4618,0
5242,0
8251,0
6202,0
5002,0
5579,0
270,1
5659,0
7498,0
6323,0
6817,0
4207,0
3218,1
1391,1
3975,0
4316,0
4825,0
5281,0
7491,0
83,1
873,1
8116,0
5493,0
7361,0
8231,0
4977,0
2450,1
3954,0
2329,1
7347,0
5113,0
7926,0
7532,0
4781,0
5758,0
6220,0
1216,1
7120,0
5309,0
1064,1
3786,0
4870,0
6901,0
7092,0
3008,1
1105,1
5705,0
6466,0
6999,0
8402,0
4369,0
2765,1
3929,0
8442,0
6764,0
5410,0
4614,0
8028,0
2451,1
4500,0
4742,0
3824,0
2652,1
7325,0
3743,1
2176,1
7773,0
3318,1
4581,0
2787,1
4105,0
4590,0
1676,1
3947,0
6417,0
4800,0
5587,0
6545,0
2503,1
6341,0
2369,1
2217,1
2218,1
3326,1
8293,0
3583,1
6877,0
5889,0
7981,0
4638,0
6876,0
85,1
2801,1
3671,1
3667,1
8316,0
2019,1
5634,0
2525,1
5260,0
5491,0
6785,0
6476,0
4872,0
2895,1
6774,0
7492,0
3425,1
4994,0
6773,0
4779,0
4453,0
5221,0
2001,1
6558,0
869,1
356,1
8056,0
5540,0
1275,1
1890,1
4734,0
7450,0
3563,1
7067,0
2380,1
7594,0
6210,0
6199,0
3306,1
6797,0
3499,1
4803,0
1116,1
8059,0
6825,0
4832,0
5936,0
7442,0
3645,1
2500,1
4690,0
7778,0
3809,0
8348,0
7124,0
5620,0
1696,1
6386,0
2052,1
1776,1
4726,0
3313,1
6310,0
7020,0
1592,1
1723,1
6865,0
4567,0
5978,0
490,1
7364,0
3483,1
3431,1
4539,0
5546,0
25,1
7795,0
2409,1
3270,1
1552,1
7480,0
6568,0
3871,0
3402,1
979,1
2655,1
1847,1
8005,0
5960,0
5146,0
6526,0
6125,0
1102,1
3276,1
7499,0
6520,0
6110,0
3996,0
194,1
643,1
3285,1
3116,1
3575,1
7185,0
4320,0
8488,0
2207,1
8245,0
3718,1
972,1
719,1
7837,0
3896,0
2803,1
2566,1
4025,0
32,1
6900,0
4063,0
7072,0
1697,1
2792,1
2222,1
3764,1
3866,0
6643,0
7057,0
7686,0
5100,0
3758,1
7007,0
3227,1
5611,0
8409,0
3904,0
2277,1
4906,0
1401,1
739,1
4266,0
5364,0
7957,0
6590,0
7716,0
7213,0
8329,0
674,1
6816,0
4595,0
3841,0
1815,1
6107,0
8357,0
7485,0
5261,0
2100,1
7377,0
2101,1
4213,0
5015,0
1548,1
4620,0
3323,1
5224,0
355,1
1461,1
7761,0
3220,1
7597,0
5670,0
1751,1
5756,0
5464,0
1772,1
1196,1
1878,1
2668,1
3171,1
2016,1
2005,1
3893,0
3237,1
4424,0
2078,1
396,1
2788,1
7311,0
4072,0
7255,0
8479,0
1519,1
7063,0
1378,1
1023,1
2587,1
5995,0
2857,1
7143,0
1629,1
4526,0
3523,1
5597,0
3607,1
7817,0
234,1
7707,0
3796,0
4118,0
3800,0
8291,0
6464,0
1948,1
7782,0
5428,0
3492,1
2671,1
7294,0
2224,1
1106,1
7224,0
818,1
4523,0
6832,0
6761,0
7772,0
888,1
2437,1
817,1
3414,1
2341,1
7200,0
3167,1
6486,0
5774,0
1264,1
4449,0
8079,0
6562,0
6180,0
1228,1
6650,0
52,1
5269,0
6195,0
159,1
5425,0
1587,1
1589,1
4993,0
4753,0
5532,0
3858,0
7524,0
2828,1
436,1
5863,0
3878,0
1588,1
2780,1
7126,0
6474,0
8166,0
973,1
1238,1
2951,1
2342,1
5259,0
7477,0
1497,1
4545,0
4257,0
2422,1
7775,0
6163,0
7538,0
2092,1
2015,1
7248,0
6400,0
187,1
4942,0
3655,1
3426,1
5770,0
1381,1
5363,0
413,1
3336,1
3606,1
3175,1
6395,0
8244,0
5607,0
256,1
5086,0
200,1
2235,1
1767,1
4236,0
6277,0
1572,1
24,1
6932,0
1088,1
4674,0
2694,1
7177,0
3398,1
3559,1
7398,0
2841,1
2311,1
7066,0
3234,1
4152,0
1309,1
695,1
7232,0
3752,1
1227,1
1999,1
276,1
6692,0
5097,0
6948,0
7785,0
5942,0
8235,0
4117,0
5064,0
1137,1
2767,1
5887,0
5717,0
942,1
7064,0
3935,0
2384,1
115,1
6135,0
8474,0
3119,1
4258,0
4830,0
6314,0
2819,1
3822,0
7295,0
7566,0
7025,0
3802,0
3536,1
3825,0
6613,0
1946,1
6595,0
5138,0
3488,1
1610,1
4677,0
6813,0
4761,0
2194,1
5749,0
557,1
5794,0
1207,1
5067,0
8417,0
1510,1
3829,0
3732,1
5720,0
3211,1
3630,1
5994,0
5998,0
266,1
1140,1
3162,1
6240,0
8047,0
1909,1
5257,0
7467,0
656,1
6215,0
5633,0
998,1
5340,0
2834,1
7441,0
1237,1
7298,0
6940,0
6706,0
2186,1
1134,1
1303,1
1627,1
6847,0
1522,1
358,1
138,1
299,1
1556,1
382,1
6073,0
5006,0
6974,0
7559,0
7738,0
7089,0
6053,0
7518,0
2721,1
1932,1
7897,0
7872,0
7920,0
4163,0
6980,0
3807,0
7479,0
5030,0
4154,0
4172,0
796,1
2416,1
785,1
3158,1
123,1
2172,1
6470,0
7486,0
7617,0
4340,0
910,1
2309,1
8197,0
3634,1
1257,1
4458,0
1178,1
4652,0
3650,1
442,1
6734,0
1399,1
1457,1
6130,0
1054,1
3275,1
8415,0
3699,1
3759,1
929,1
6217,0
1829,1
8060,0
4221,0
8032,0
7887,0
6322,0
2011,1
6660,0
7604,0
3219,1
2606,1
3264,1
6641,0
5836,0
6,1
2980,1
3361,1
4774,0
1943,1
6578,0
8062,0
8099,0
6743,0
5624,0
8057,0
3134,1
5584,0
2242,1
1474,1
6518,0
1889,1
3435,1
5462,0
3705,1
2021,1
4020,0
6899,0
6266,0
6758,0
2658,1
1130,1
5288,0
7930,0
5378,0
4318,0
8115,0
4144,0
4669,0
1236,1
8355,0
7866,0
2282,1
5956,0
7656,0
4093,0
5629,0
7446,0
386,1
1628,1
3585,1
5327,0
2714,1
5162,0
6252,0
7659,0
3189,1
8467,0
4305,0
909,1
6636,0
1866,1
1842,1
2497,1
7172,0
5686,0
5558,0
4006,0
2702,1
7204,0
331,1
5140,0
5167,0
2459,1
1774,1
6447,0
5738,0
2686,1
7384,0
7115,0
6121,0
6455,0
6760,0
8220,0
6263,0
6607,0
173,1
5976,0
4615,0
3321,1
8230,0
3372,1
3311,1
8089,0
6161,0
6874,0
5858,0
4679,0
3403,1
18,1
3691,1
6630,0
4096,0
3628,1
7333,0
2174,1
1356,1
5313,0
7941,0
3112,1
182,1
6850,0
6934,0
1812,1
5665,0
6262,0
4912,0
1800,1
2429,1
6775,0
5397,0
8345,0
6112,0
5843,0
5417,0
4987,0
8283,0
4650,0
1159,1
1213,1
8425,0
1325,1
5398,0
4796,0
1455,1
5133,0
4962,0
6716,0
1644,1
2140,1
4536,0
4457,0
7078,0
4378,0
729,1
4357,0
5574,0
1936,1
3793,0
8172,0
7545,0
6264,0
1110,1
7118,0
2998,1
2394,1
1185,1
2007,1
193,1
7001,0
578,1
771,1
2395,1
1478,1
1846,1
7326,0
4274,0
3740,1
4600,0
6296,0
5832,0
4915,0
2073,1
4754,0
1896,1
7356,0
3659,1
2379,1
1447,1
342,1
8390,0
2527,1
727,1
4577,0
976,1
6188,0
3516,1
7937,0
8310,0
3940,0
1299,1
8042,0
660,1
1492,1
5908,0
6106,0
6423,0
2315,1
8130,0
8065,0
1085,1
2524,1
6333,0
3198,1
5940,0
5955,0
67,1
6965,0
2269,1
6194,0
5279,0
6907,0
7300,0
3447,1
2367,1
6412,0
5862,0
2512,1
2723,1
7454,0
6494,0
1143,1
8266,0
5338,0
6032,0
7505,0
4728,0
5829,0
3789,0
2220,1
5075,0
2331,1
5598,0
6963,0
7684,0
4088,0
1967,1
7137,0
6859,0
8086,0
4365,0
423,1
7579,0
1904,1
7945,0
3917,0
3618,1
839,1
4596,0
6282,0
141,1
7234,0
1377,1
3674,1
6924,0
8405,0
4741,0
3808,0
1138,1
2257,1
5661,0
1787,1
3938,0
5697,0
8063,0
459,1
8007,0
948,1
3700,1
1336,1
4628,0
6976,0
1602,1
2238,1
639,1
8339,0
3830,0
7776,0
5737,0
6067,0
7829,0
1070,1
155,1
2295,1
5593,0
4578,0
1089,1
2940,1
7401,0
4384,0
930,1
2909,1
5646,0
8034,0
3247,1
7953,0
6519,0
6436,0
5038,0
7758,0
8447,0
8162,0
1698,1
8228,0
8470,0
5933,0
3831,0
7979,0
7967,0
985,1
1821,1
7697,0
587,1
8284,0
5077,0
6092,0
7973,0
8466,0
5572,0
6956,0
3557,1
1395,1
264,1
3547,1
5487,0
8354,0
5025,0
7600,0
3864,0
8495,0
2400,1
6345,0
3711,1
246,1
1594,1
1529,1
7927,0
923,1
5426,0
8134,0
669,1
3604,1
5108,0
1910,1
6118,0
3958,0
2696,1
2591,1
1781,1
3013,1
2307,1
7514,0
3690,1
687,1
612,1
5498,0
3200,1
2267,1
8306,0
6672,0
1898,1
5553,0
258,1
2924,1
4943,0
2822,1
3339,1
3525,1
4563,0
5223,0
2285,1
7396,0
7006,0
484,1
2211,1
5436,0
2555,1
7,1
3657,1
7855,0
4874,0
4402,0
2426,1
1814,1
8145,0
2274,1
1011,1
7549,0
1067,1
1991,1
3970,0
6243,0
7685,0
7672,0
3867,0
7813,0
3048,1
781,1
2675,1
1749,1
2791,1
4979,0
1091,1
6065,0
7399,0
7452,0
7109,0
5055,0
2608,1
7287,0
2290,1
1727,1
610,1
4666,0
343,1
6137,0
6838,0
3750,1
7397,0
7637,0
3215,1
97,1
5515,0
5176,0
1537,1
3588,1
5331,0
3648,1
6973,0
5427,0
1517,1
5061,0
7705,0
4624,0
4272,0
3669,1
2090,1
572,1
7962,0
6651,0
7272,0
3062,1
5563,0
6354,0
5700,0
5682,0
5874,0
4479,0
7715,0
370,1
1938,1
6208,0
7552,0
3670,1
3652,1
5201,0
2361,1
4260,0
4991,0
7768,0
7888,0
3737,1
5403,0
6054,0
6091,0
1171,1
5710,0
1422,1
7969,0
7706,0
7407,0
874,1
2297,1
2643,1
7580,0
5347,0
840,1
581,1
204,1
1641,1
2014,1
3253,1
5416,0
905,1
631,1
7490,0
5628,0
1974,1
162,1
4998,0
5990,0
7865,0
7567,0
4713,0
875,1
1431,1
4643,0
5080,0
7371,0
5480,0
7746,0
7850,0
2856,1
1861,1
2659,1
3384,1
8039,0
8301,0
5807,0
6120,0
4733,0
3331,1
7978,0
6603,0
6119,0
2096,1
2003,1
7424,0
5017,0
546,1
1449,1
7458,0
2610,1
1900,1
6906,0
2757,1
1885,1
8342,0
6652,0
2097,1
7610,0
7864,0
836,1
3471,1
4697,0
7710,0
2171,1
7520,0
7451,0
398,1
2010,1
5166,0
8314,0
1283,1
6187,0
6418,0
4256,0
1836,1
7263,0
1019,1
6349,0
1326,1
6647,0
475,1
2810,1
6592,0
1651,1
8126,0
7478,0
2528,1
1206,1
5701,0
7757,0
6750,0
8016,0
867,1
2974,1
7815,0
5093,0
5433,0
541,1
5195,0
1132,1
8356,0
6912,0
3390,1
6312,0
2962,1
4155,0
3259,1
5694,0
8440,0
2583,1
2813,1
6804,0
7581,0
5174,0
6044,0
3586,1
7516,0
5740,0
7447,0
2630,1
7014,0
5594,0
5036,0
1080,1
4283,0
2085,1
2452,1
4966,0
2023,1
5798,0
6742,0
226,1
1013,1
1929,1
6191,0
5251,0
1404,1
2179,1
697,1
1124,1
3895,0
7584,0
5110,0
1778,1
5601,0
2634,1
3489,1
1037,1
2256,1
7561,0
2613,1
313,1
2649,1
2281,1
6291,0
2547,1
7879,0
5132,0
2159,1
3137,1
8344,0
3967,0
1428,1
6232,0
2520,1
5639,0
6351,0
8288,0
6596,0
448,1
8382,0
1284,1
3727,1
361,1
5230,0
7059,0
6983,0
5149,0
2460,1
22,1
2066,1
1653,1
702,1
6553,0
2743,1
1376,1
7122,0
2468,1
3754,1
2325,1
460,1
5163,0
4183,0
7194,0
4082,0
1486,1
3678,1
282,1
4558,0
4308,0
4865,0
3537,1
6170,0
2581,1
1368,1
7895,0
8413,0
597,1
4351,0
7117,0
4758,0
646,1
8234,0
6271,0
3468,1
5608,0
2990,1
7792,0
4875,0
2544,1
6524,0
5341,0
6431,0
4066,0
3988,0
2160,1
685,1
5599,0
3243,1
6789,0
4083,0
2837,1
3697,1
4941,0
7671,0
4040,0
2230,1
6408,0
2320,1
4878,0
521,1
522,1
5345,0
6845,0
7052,0
7048,0
6624,0
780,1
6857,0
6398,0
651,1
6547,0
2196,1
369,1
5751,0
4214,0
377,1
6171,0
2216,1
6682,0
1613,1
7857,0
3632,1
962,1
7878,0
8211,0
6688,0
5948,0
359,1
3839,0
5873,0
1246,1
7061,0
5087,0
3694,1
7391,0
6437,0
2567,1
3423,1
2037,1
772,1
5380,0
8046,0
3562,1
562,1
8053,0
5510,0
5330,0
5810,0
4531,0
1674,1
365,1
5762,0
5677,0
4327,0
147,1
7694,0
3088,1
7692,0
407,1
8084,0
3456,1
4182,0
3576,1
3271,1
4940,0
1031,1
5744,0
8330,0
855,1
3926,0
78,1
2247,1
6502,0
7998,0
8051,0
6787,0
7362,0
788,1
2279,1
4095,0
3897,0
7739,0
7276,0
3631,1
6573,0
424,1
392,1
6554,0
16,1
4200,0
2672,1
8010,0
5931,0
3493,1
1459,1
6336,0
5927,0
5822,0
3835,0
7647,0
5683,0
6790,0
8277,0
4724,0
6807,0
2355,1
4798,0
2442,1
5937,0
8035,0
6821,0
464,1
163,1
7573,0
7841,0
8302,0
241,1
2009,1
3084,1
900,1
5542,0
6861,0
4837,0
2293,1
5733,0
4481,0
5302,0
4605,0
3716,1
7269,0
1764,1
1549,1
3029,1
6629,0
2044,1
767,1
5693,0
1508,1
3302,1
4517,0
4219,0
7279,0
5741,0
3292,1
819,1
1403,1
1382,1
2148,1
5671,0
1638,1
608,1
399,1
882,1
3565,1
7824,0
1179,1
5448,0
4244,0
5218,0
7693,0
2130,1
5078,0
456,1
6673,0
7982,0
1950,1
5372,0
689,1
6927,0
8340,0
1953,1
5636,0
2710,1
6481,0
6517,0
4349,0
7595,0
1884,1
6610,0
7740,0
2494,1
3036,1
5777,0
3603,1
845,1
542,1
3724,1
4187,0
3679,1
6994,0
5934,0
7165,0
7261,0
2964,1
2529,1
7882,0
1048,1
1960,1
2530,1
6462,0
237,1
4917,0
1133,1
7246,0
4259,0
8396,0
6488,0
6597,0
5656,0
6915,0
2978,1
6939,0
7562,0
6746,0
5924,0
6559,0
3919,0
3138,1
7814,0
5789,0
4073,0
7519,0
3229,1
1826,1
5548,0
593,1
2725,1
4137,0
560,1
6868,0
6179,0
243,1
5435,0
4437,0
6087,0
405,1
1442,1
261,1
5884,0
8443,0
1689,1
1725,1
8157,0
4930,0
2496,1
5899,0
340,1
6124,0
1601,1
5782,0
4576,0
3725,1
2556,1
2785,1
1523,1
6542,0
8321,0
8112,0
6638,0
7083,0
1766,1
4551,0
4037,0
8183,0
6928,0
7103,0
8190,0
363,1
5367,0
8448,0
7874,0
4725,0
4443,0
6984,0
8085,0
2562,1
6140,0
8029,0
5519,0
8128,0
3083,1
8068,0
2102,1
632,1
2493,1
2665,1
7952,0
4406,0
6451,0
6234,0
2334,1
8459,0
3619,1
5561,0
3883,0
7209,0
4211,0
1494,1
2401,1
3874,0
1232,1
2661,1
2817,1
7258,0
8001,0
8334,0
6959,0
4153,0
6543,0
3061,1
7481,0
8449,0
1735,1
2823,1
8303,0
7203,0
2475,1
2564,1
8480,0
7372,0
6786,0
707,1
3046,1
7468,0
5189,0
6701,0
5472,0
72,1
4448,0
5860,0
4839,0
4131,0
5101,0
1190,1
2601,1
1125,1
1241,1
5974,0
7845,0
7228,0
7852,0
3351,1
5094,0
4008,0
1577,1
3906,0
3729,1
4358,0
5922,0
1343,1
8484,0
7563,0
440,1
1100,1
2637,1
6193,0
649,1
1546,1
6679,0
6700,0
2852,1
3503,1
6328,0
630,1
4768,0
1249,1
6009,0
482,1
1584,1
4676,0
1462,1
3040,1
5010,0
6753,0
3273,1
3683,1
4145,0
8268,0
6192,0
4954,0
3225,1
1072,1
4815,0
2631,1
1660,1
5752,0
2425,1
5079,0
7380,0
5902,0
6674,0
3097,1
3976,0
7838,0
1300,1
6247,0
5481,0
7535,0
5495,0
5291,0
1408,1
1845,1
1798,1
3957,0
1475,1
6361,0
35,1
6681,0
444,1
2359,1
3654,1
6888,0
3179,1
1286,1
6512,0
4445,0
3416,1
2137,1
2636,1
4016,0
4097,0
1681,1
8279,0
6389,0
5767,0
5275,0
1692,1
6483,0
7403,0
3635,1
372,1
6745,0
6012,0
5453,0
5921,0
4882,0
4565,0
140,1
4884,0
4419,0
8159,0
7201,0
714,1
5923,0
5243,0
3188,1
7735,0
4431,0
6153,0
406,1
20,1
1004,1
4986,0
2411,1
2545,1
6583,0
2390,1
7039,0
42,1
2830,1
5859,0
3371,1
3022,1
3364,1
4399,0
5252,0
11,1
4760,0
1177,1
1947,1
2501,1
7599,0
2863,1
3865,0
1026,1
3848,0
2989,1
961,1
2889,1
3015,1
3338,1
6754,0
6207,0
735,1
4400,0
1440,1
8276,0
2875,1
3986,0
916,1
7309,0
7515,0
4089,0
8087,0
6851,0
2772,1
1624,1
7503,0
821,1
1367,1
3712,1
8368,0
7867,0
850,1
1000,1
7827,0
4114,0
1637,1
1667,1
4589,0
3173,1
6684,0
1347,1
6848,0
3230,1
6890,0
6747,0
4783,0
6853,0
3232,1
5704,0
7167,0
703,1
5105,0
6985,0
3291,1
3673,1
2408,1
8077,0
1327,1
8152,0
5773,0
6095,0
5406,0
7183,0
6083,0
4909,0
4440,0
7319,0
986,1
6961,0
7947,0
7527,0
8082,0
4049,0
3485,1
6089,0
2474,1
5238,0
3873,0
1198,1
4181,0
1518,1
8098,0
5477,0
1799,1
1014,1
128,1
1364,1
6755,0
4470,0
891,1
2793,1
7353,0
5455,0
4403,0
5757,0
3923,0
5413,0
8338,0
3249,1
7430,0
1208,1
3868,0
7906,0
4065,0
7489,0
6664,0
1239,1
2289,1
2740,1
275,1
4585,0
1035,1
1229,1
1008,1
7142,0
5178,0
3828,0
2532,1
4293,0
1058,1
6521,0
281,1
1043,1
1316,1
968,1
2381,1
7588,0
1939,1
6308,0
1274,1
619,1
6380,0
1742,1
1390,1
7135,0
5943,0
1579,1
1655,1
3568,1
2352,1
2212,1
6116,0
8469,0
6052,0
3178,1
3192,1
1307,1
6099,0
575,1
2360,1
5802,0
8432,0
1280,1
7129,0
4957,0
7249,0
5897,0
5724,0
1993,1
2639,1
269,1
629,1
6510,0
3081,1
3466,1
7645,0
4396,0
4023,0
8259,0
5543,0
5568,0
2046,1
4356,0
6885,0
2113,1
27,1
2040,1
3928,0
7915,0
3216,1
8160,0
3814,0
129,1
7179,0
6104,0
2278,1
4599,0
13,1
7510,0
4476,0
7334,0
1525,1
2365,1
4648,0
3052,1
4005,0
2340,1
374,1
7011,0
7523,0
939,1
3369,1
5718,0
4573,0
2147,1
3591,1
6930,0
7951,0
7363,0
6164,0
3623,1
529,1
3714,1
7021,0
4732,0
1269,1
4281,0
1394,1
4850,0
4009,0
4390,0
1797,1
2979,1
1441,1
6572,0
2625,1
3811,0
5631,0
1273,1
4703,0
1712,1
8282,0
955,1
6586,0
7000,0
7747,0
8041,0
403,1
2071,1
8269,0
1977,1
158,1
5844,0
3888,0
5451,0
902,1
352,1
5326,0
6078,0
6236,0
4540,0
4130,0
754,1
5833,0
2971,1
1082,1
2920,1
311,1
4644,0
661,1
1989,1
3665,1
306,1
2335,1
4790,0
2356,1
3702,1
3804,0
1927,1
7676,0
3427,1
749,1
3638,1
6392,0
1266,1
6429,0
6671,0
8017,0
3595,1
2134,1
5066,0
4109,0
4969,0
4904,0
514,1
7831,0
409,1
6556,0
8476,0
3461,1
7583,0
207,1
7130,0
458,1
2054,1
2430,1
250,1
7475,0
5437,0
1107,1
7110,0
5979,0
1713,1
3911,0
7055,0
715,1
552,1
1439,1
2270,1
3144,1
2056,1
1925,1
634,1
6082,0
316,1
7586,0
8217,0
5424,0
427,1
6522,0
105,1
3041,1
4238,0
2169,1
1709,1
89,1
2241,1
3174,1
6560,0
6259,0
1949,1
4044,0
8362,0
2848,1
6368,0
1,1
6139,0
4337,0
6047,0
935,1
7495,0
2720,1
8455,0
5205,0
6725,0
591,1
8331,0
6594,0
2936,1
2448,1
1576,1
7053,0
7314,0
213,1
778,1
7411,0
3496,1
6880,0
2043,1
7943,0
5420,0
6154,0
1567,1
165,1
4702,0
3566,1
7058,0
8271,0
5439,0
2013,1
273,1
3860,0
4167,0
6992,0
3788,0
5183,0
394,1
583,1
8420,0
8482,0
8118,0
7202,0
8436,0
7090,0
520,1
1763,1
1875,1
5355,0
3965,0
3344,1
2253,1
3224,1
526,1
2946,1
4473,0
3899,0
5655,0
692,1
6059,0
959,1
4444,0
6342,0
6131,0
3633,1
5805,0
1050,1
590,1
519,1
3380,1
3676,1
5776,0
7221,0
5179,0
1607,1
3610,1
8285,0
8493,0
1809,1
791,1
792,1
8203,0
1855,1
1980,1
3233,1
3598,1
933,1
3963,0
6533,0
5626,0
5506,0
6072,0
8129,0
4179,0
4026,0
7759,0
6446,0
4116,0
988,1
6770,0
3453,1
8000,0
3778,1
5658,0
7349,0
3093,1
3155,1
5069,0
5806,0
3201,1
7074,0
1098,1
7278,0
2844,1
886,1
3342,1
6805,0
6096,0
515,1
8080,0
4833,0
1453,1
3553,1
3609,1
7065,0
4665,0
2506,1
2994,1
3999,0
6222,0
8407,0
906,1
28,1
7512,0
2507,1
2428,1
5043,0
5346,0
762,1
3747,1
4811,0
284,1
686,1
8093,0
2353,1
6353,0
7051,0
7522,0
21,1
2752,1
885,1
7648,0
917,1
1040,1
7971,0
7488,0
1265,1
4579,0
7577,0
8146,0
277,1
5084,0
2084,1
1245,1
2382,1
571,1
1435,1
3902,0
5089,0
1247,1
6591,0
4681,0
3526,1
6557,0
2514,1
5445,0
1007,1
4770,0
6508,0
4543,0
6618,0
7582,0
2064,1
5352,0
6923,0
1690,1
7556,0
7954,0
5343,0
1985,1
294,1
1547,1
2012,1
588,1
3329,1
2403,1
2129,1
3998,0
7665,0
3741,1
3508,1
7507,0
2719,1
4521,0
5150,0
7977,0
7988,0
556,1
6276,0
7037,0
4795,0
2469,1
3738,1
4286,0
7214,0
5289,0
1716,1
2604,1
7227,0
1704,1
6496,0
2139,1
3239,1
2383,1
4311,0
1285,1
8214,0
6951,0
7826,0
3930,0
6183,0
5985,0
6649,0
1591,1
8218,0
7764,0
2162,1
2396,1
317,1
6367,0
7859,0
3111,1
5233,0
6998,0
5068,0
4036,0
795,1
3020,1
1711,1
3387,1
36,1
4549,0
913,1
5721,0
5295,0
3972,0
5370,0
6471,0
4133,0
974,1
983,1
7154,0
1418,1
1560,1
4135,0
5582,0
6987,0
4265,0
1355,1
5016,0
8262,0
987,1
2682,1
5047,0
1640,1
1290,1
3681,1
1380,1
1933,1
4675,0
7367,0
3160,1
2030,1
892,1
4876,0
4069,0
4255,0
2,1
7257,0
2109,1
849,1
2737,1
2466,1
1914,1
1596,1
5872,0
1913,1
5139,0
8232,0
5640,0
2736,1
726,1
53,1
1796,1
3845,0
6007,0
8398,0
2553,1
2800,1
936,1
7225,0
824,1
4321,0
3401,1
1389,1
3564,1
884,1
5429,0
5703,0
5690,0
4867,0
6707,0
6369,0
1868,1
5181,0
10,1
3415,1
5421,0
1463,1
806,1
7145,0
8378,0
4068,0
2108,1
8049,0
2041,1
2234,1
963,1
4494,0
2632,1
6094,0
704,1
431,1
4388,0
6077,0
145,1
6467,0
2033,1
7635,0
1165,1
3500,1
2050,1
3760,1
2624,1
4484,0
4435,0
6982,0
6800,0
4361,0
2424,1
1262,1
1771,1
3511,1
271,1
4792,0
4843,0
244,1
8358,0
4572,0
2032,1
8072,0
6929,0
813,1
6010,0
3810,0
5727,0
8460,0
7116,0
1804,1
7438,0
4346,0
2461,1
545,1
3241,1
738,1
310,1
3521,1
1131,1
5545,0
492,1
4111,0
2769,1
920,1
8241,0
3587,1
6640,0
3959,0
38,1
4459,0
4278,0
2983,1
5290,0
130,1
5217,0
8427,0
2667,1
3223,1
1182,1
7948,0
614,1
8412,0
1466,1
4497,0
3042,1
934,1
2419,1
5085,0
7901,0
6737,0
7104,0
4822,0
826,1
1521,1
2930,1
4232,0
628,1
4430,0
3853,0
390,1
4345,0
8372,0
5913,0
3990,0
400,1
4806,0
5135,0
7082,0
3359,1
46,1
5657,0
488,1
3993,0
3642,1
3726,1
8019,0
5208,0
6609,0
5319,0
709,1
2421,1
5604,0
1750,1
8450,0
7891,0
4062,0
8252,0
338,1
215,1
3663,1
1341,1
8009,0
5616,0
3894,0
3640,1
329,1
6896,0
3004,1
4090,0
3115,1
8343,0
2322,1
6667,0
4197,0
3549,1
1458,1
171,1
4203,0
7336,0
3569,1
4226,0
5158,0
7148,0
6185,0
7219,0
938,1
60,1
1240,1
5760,0
5136,0
7320,0
6856,0
2120,1
1524,1
153,1
6344,0
481,1
6122,0
4460,0
3920,0
1762,1
750,1
1785,1
7284,0
6212,0
4501,0
4853,0
2711,1
6766,0
7084,0
4193,0
1333,1
7798,0
6887,0
2854,1
186,1
1136,1
7767,0
2058,1
7344,0
7338,0
148,1
4124,0
4889,0
8312,0
3363,1
4788,0
2866,1
3776,1
1386,1
5941,0
3067,1
7247,0
5695,0
3629,1
7876,0
4797,0
3028,1
2969,1
7608,0
1708,1
2953,1
454,1
6136,0
7324,0
6411,0
609,1
4263,0
4826,0
7423,0
2074,1
4052,0
8319,0
1622,1
4683,0
5497,0
5796,0
7669,0
40,1
5475,0
2089,1
3924,0
2175,1
74,1
8139,0
3798,0
2657,1
3180,1
2076,1
441,1
8141,0
2051,1
2541,1
1301,1
8054,0
3430,1
1304,1
236,1
7302,0
2599,1
4616,0
2573,1
3280,1
3186,1
3953,0
2768,1
4831,0
4223,0
2106,1
2679,1
2761,1
4688,0
5399,0
1387,1
2901,1
7924,0
7046,0
7531,0
8333,0
5000,0
5853,0
1279,1
7816,0
804,1
6404,0
1555,1
8107,0
3190,1
4566,0
4802,0
8242,0
4841,0
3594,1
6035,0
6852,0
6958,0
1920,1
513,1
4177,0
6843,0
1308,1
5667,0
914,1
3452,1
3695,1
4242,0
3156,1
2198,1
774,1
4425,0
6150,0
6097,0
943,1
822,1
6878,0
5005,0
6612,0
4277,0
164,1
5619,0
4547,0
3983,0
2538,1
6957,0
3191,1
1311,1
5207,0
7963,0
5383,0
7304,0
8124,0
6722,0
3300,1
3310,1
6904,0
327,1
5886,0
2490,1
8451,0
6103,0
5954,0
8200,0
4408,0
832,1
3079,1
3462,1
5297,0
7670,0
54,1
6230,0
4064,0
3451,1
6305,0
1901,1
1481,1
4873,0
4895,0
4150,0
7068,0
3335,1
6016,0
4926,0
946,1
5797,0
3293,1
2161,1
8350,0
5083,0
7754,0
7414,0
3057,1
5490,0
6733,0
768,1
2065,1
3495,1
285,1
1500,1
4524,0
7791,0
2332,1
2717,1
2079,1
3389,1
722,1
951,1
7626,0
2262,1
989,1
3212,1
1759,1
7410,0
4422,0
6704,0
5479,0
1724,1
5182,0
7834,0
341,1
3701,1
4243,0
688,1
3432,1
5203,0
4944,0
966,1
3120,1
7914,0
2203,1
2713,1
4757,0
5098,0
7713,0
8011,0
7717,0
5280,0
5975,0
3572,1
4805,0
5299,0
1990,1
4120,0
4759,0
7939,0
5298,0
7650,0
4971,0
954,1
5034,0
6783,0
3600,1
6490,0
7993,0
474,1
7222,0
385,1
7638,0
7995,0
536,1
6387,0
8170,0
5032,0
4212,0
6456,0
3507,1
201,1
1332,1
7112,0
3502,1
2708,1
6030,0
5031,0
6514,0
4662,0
4021,0
1854,1
7828,0
2872,1
3030,1
1205,1
6563,0
1645,1
3417,1
3476,1
7368,0
2861,1
1792,1
5526,0
6922,0
3797,0
3368,1
3367,1
3533,1
7196,0
7677,0
5109,0
6024,0
3449,1
603,1
3056,1
7615,0
126,1
5959,0
3876,0
2935,1
5443,0
7151,0
4451,0
7147,0
3531,1
2730,1
827,1
1639,1
8403,0
984,1
3281,1
8468,0
2188,1
8067,0
2443,1
362,1
2349,1
345,1
814,1
6166,0
4807,0
3205,1
7277,0
2919,1
5961,0
3325,1
4106,0
7835,0
2116,1
1834,1
793,1
1955,1
6898,0
2674,1
94,1
4225,0
3756,1
2891,1
2371,1
7547,0
7254,0
7765,0
3228,1
6158,0
8431,0
6359,0
5996,0
7476,0
7807,0
6028,0
2853,1
8103,0
2912,1
1865,1
5754,0
4612,0
1857,1
2645,1
2243,1
5373,0
2336,1
950,1
7689,0
3068,1
1120,1
2597,1
2204,1
419,1
922,1
1254,1
477,1
2035,1
8061,0
5788,0
5742,0
7182,0
5567,0
6697,0
1202,1
6534,0
2626,1
5765,0
8320,0
1970,1
3110,1
4018,0
2151,1
3687,1
4916,0
1997,1
4033,0
4598,0
3054,1
1248,1
2192,1
2712,1
992,1
2190,1
4670,0
5142,0
5984,0
6565,0
3762,1
6943,0
3597,1
4711,0
1318,1
1863,1
2343,1
2449,1
2136,1
1065,1
5868,0
600,1
4227,0
2621,1
77,1
2898,1
6148,0
4820,0
1314,1
8437,0
5947,0
6413,0
7642,0
872,1
3850,0
5468,0
5951,0
3643,1
2965,1
3391,1
5415,0
2560,1
1570,1
2635,1
5256,0
3530,1
375,1
1908,1
4429,0
7572,0
7653,0
4027,0
6461,0
1604,1
1118,1
3677,1
3490,1
2038,1
6039,0
2958,1
1994,1
2824,1
7606,0
2376,1
8020,0
1342,1
320,1
1619,1
3713,1
8015,0
2060,1
8456,0
2219,1
1673,1
6038,0
260,1
7732,0
2039,1
4785,0
901,1
3744,1
6402,0
2026,1
6988,0
4234,0
1917,1
1828,1
1573,1
4415,0
4749,0
6233,0
7678,0
4654,0
6283,0
4208,0
4627,0
224,1
723,1
7853,0
6979,0
1141,1
5529,0
6469,0
5764,0
7809,0
5554,0
7193,0
5511,0
2762,1
846,1
4289,0
5560,0
6717,0
5042,0
6117,0
2551,1
5725,0
2928,1
117,1
645,1
5966,0
3,1
4170,0
5851,0
467,1
5,1
5342,0
919,1
2595,1
4324,0
1063,1
2590,1
242,1
7042,0
7616,0
1160,1
2870,1
3735,1
8008,0
2397,1
3517,1
6986,0
3421,1
2563,1
6767,0
5622,0
1605,1
1733,1
2324,1
2709,1
7691,0
1312,1
3448,1
3812,0
6085,0
8144,0
2362,1
1975,1
3514,1
1761,1
5401,0
2739,1
5637,0
8299,0
2472,1
6738,0
6891,0
4007,0
4718,0
6177,0
1493,1
4206,0
6371,0
2158,1
1169,1
7907,0
232,1
66,1
1603,1
6168,0
3283,1
3596,1
6288,0
4632,0
6955,0
125,1
6229,0
5350,0
1296,1
1976,1
7908,0
7847,0
2075,1
4580,0
5750,0
8481,0
3086,1
7592,0
6882,0
7632,0
3345,1
7821,0
5870,0
6506,0
2797,1
918,1
1646,1
5122,0
5126,0
4978,0
5431,0
6842,0
4621,0
6809,0
364,1
3287,1
2125,1
4123,0
4569,0
525,1
4821,0
55,1
638,1
302,1
2766,1
5811,0
1276,1
8198,0
4720,0
2055,1
5376,0
6947,0
5145,0
4432,0
3644,1
4143,0
2878,1
4202,0
6493,0
5175,0
2286,1
2261,1
5240,0
7793,0
2296,1
6937,0
7240,0
5932,0
1753,1
5197,0
1968,1
7601,0
3117,1
2393,1
523,1
6376,0
6788,0
6981,0
5524,0
6677,0
3900,0
8161,0
4699,0
5585,0
7726,0
3122,1
6777,0
4156,0
1969,1
671,1
4188,0
666,1
7578,0
1887,1
3266,1
280,1
1719,1
2947,1
4455,0
899,1
6031,0
3445,1
6090,0
7667,0
6991,0
7350,0
760,1
6254,0
1906,1
4042,0
3823,0
4138,0
3818,0
6269,0
4300,0
5569,0
6196,0
2593,1
4164,0
3031,1
5971,0
3579,1
2832,1
5449,0
3472,1
6327,0
137,1
7043,0
4892,0
2180,1
2128,1
3177,1
4854,0
4637,0
5115,0
7628,0
7127,0
4261,0
4344,0
1331,1
2017,1
4542,0
2482,1
7002,0
1358,1
6941,0
6241,0
1329,1
8483,0
6881,0
8428,0
7589,0
2150,1
4530,0
2122,1
4673,0
3981,0
6996,0
1252,1
3278,1
7062,0
3374,1
2814,1
4719,0
6544,0
1848,1
4858,0
3037,1
388,1
235,1
1077,1
1984,1
4363,0
7473,0
3962,0
770,1
2165,1
4533,0
673,1
249,1
6297,0
1574,1
7239,0
6238,0
3419,1
2081,1
1823,1
8100,0
4976,0
4544,0
5565,0
716,1
7811,0
8187,0
2048,1
5997,0
6600,0
7245,0
7252,0
5264,0
4178,0
7625,0
4809,0
2724,1
7912,0
7140,0
7190,0
1460,1
6914,0
5989,0
1668,1
2756,1
2000,1
4571,0
4613,0
8138,0
404,1
384,1
7862,0
7919,0
2152,1
1633,1
8024,0
5580,0
4784,0
7877,0
6970,0
3925,0
5336,0
4158,0
7449,0
4948,0
5898,0
7938,0
5358,0
223,1
2193,1
3136,1
4469,0
1824,1
8043,0
7286,0
5124,0
4972,0
7418,0
7409,0
797,1
2871,1
9,1
6593,0
1944,1
1838,1
4804,0
255,1
7026,0
5713,0
4485,0
7886,0
7714,0
1581,1
2956,1
924,1
6895,0
7760,0
2508,1
6132,0
5024,0
5320,0
7312,0
7102,0
6645,0
6042,0
3775,1
4835,0
4136,0
4964,0
2779,1
539,1
7345,0
7483,0
2745,1
8435,0
7999,0
6819,0
5467,0
1145,1
5127,0
4468,0
667,1
7575,0
3019,1
357,1
5063,0
2831,1
2783,1
1353,1
5131,0
7114,0
470,1
2703,1
3330,1
3637,1
1396,1
3584,1
7854,0
5262,0
5645,0
3376,1
1256,1
6190,0
7569,0
3512,1
5651,0
5778,0
1250,1
5795,0
5348,0
8313,0
4298,0
3284,1
2933,1
4175,0
5268,0
4910,0
1852,1
6316,0
6815,0
8192,0
8369,0
2105,1
133,1
5236,0
5029,0
928,1
823,1
7576,0
7956,0
1531,1
1214,1
504,1
4285,0
6491,0
1996,1
6530,0
3072,1
1958,1
1384,1
894,1
4924,0
455,1
6619,0
5779,0
8401,0
3709,1
8078,0
4849,0
4748,0
4268,0
3522,1
7293,0
4134,0
3602,1
8391,0
713,1
4186,0
2214,1
5301,0
2923,1
7935,0
1810,1
3486,1
7419,0
3141,1
1827,1
1155,1
1324,1
4312,0
7494,0
510,1
1680,1
499,1
7942,0
1856,1
1388,1
5615,0
3719,1
2386,1
5541,0
3236,1
6172,0
1540,1
1217,1
2681,1
8395,0
2993,1
5512,0
6313,0
1191,1
5772,0
5293,0
1542,1
3301,1
3324,1
7056,0
2539,1
953,1
7241,0
7176,0
6731,0
4846,0
6801,0
4330,0
732,1
5334,0
7330,0
1156,1
8109,0
3294,1
6541,0
2982,1
5305,0
5161,0
7860,0
2156,1
1062,1
2616,1
1167,1
3222,1
3636,1
7651,0
5588,0
2938,1
7091,0
7192,0
4491,0
7266,0
3140,1
4980,0
143,1
8454,0
3577,1
4946,0
7731,0
7551,0
2782,1
717,1
1819,1
2502,1
4360,0
4171,0
8287,0
6588,0
395,1
5731,0
6320,0
7186,0
8341,0
4492,0
1365,1
7980,0
5999,0
595,1
6205,0
3952,0
5392,0
5917,0
4968,0
2914,1
6360,0
2326,1
5644,0
3766,1
3440,1
3851,0
4132,0
7903,0
7357,0
6806,0
8030,0
2143,1
8075,0
5073,0
1571,1
4079,0
1122,1
7856,0
2786,1
6335,0
2967,1
2504,1
5988,0
3465,1
675,1
2808,1
7164,0
3348,1
728,1
7587,0
7543,0
412,1
3146,1
1516,1
5745,0
7668,0
825,1
3267,1
3974,0
616,1
114,1
417,1
3069,1
1625,1
7113,0
6748,0
8452,0
4185,0
2896,1
8176,0
2082,1
753,1
2546,1
7420,0
3969,0
3373,1
5726,0
4107,0
2444,1
4380,0
7723,0
1066,1
3913,0
5287,0
5536,0
7744,0
8002,0
5387,0
5732,0
3498,1
2738,1
5052,0
4000,0
1568,1
2427,1
3746,1
6833,0
8113,0
1687,1
851,1
3546,1
6303,0
895,1
4592,0
6401,0
5878,0
335,1
2839,1
3087,1
4611,0
1348,1
1015,1
2816,1
1631,1
2489,1
3730,1
6905,0
7390,0
3251,1
8106,0
7267,0
8323,0
5877,0
6665,0
5881,0
2070,1
4452,0
8381,0
7421,0
5408,0
1635,1
4646,0
6484,0
2479,1
6617,0
2265,1
2959,1
5323,0
8290,0
3059,1
5053,0
5869,0
2141,1
5104,0
3118,1
5188,0
1243,1
4045,0
3356,1
2744,1
7253,0
5092,0
3506,1
1679,1
4249,0
3147,1
2294,1
7004,0
6933,0
580,1
1470,1
4799,0
4070,0
5308,0
3343,1
4992,0
8052,0
7404,0
4583,0
3672,1
559,1
5237,0
7805,0
5215,0
2849,1
7918,0
512,1
4729,0
1081,1
1664,1
1012,1
1931,1
8205,0
1150,1
2838,1
5949,0
116,1
7641,0
740,1
1369,1
6070,0
5177,0
3675,1
5906,0
830,1
119,1
4752,0
1682,1
8254,0
5225,0
635,1
4465,0
4364,0
6799,0
7987,0
7079,0
6966,0
7010,0
4142,0
7517,0
7027,0
991,1
876,1
4869,0
5315,0
5222,0
4,1
7787,0
3051,1
5691,0
3124,1
6407,0
7136,0
2660,1
2491,1
7146,0
5173,0
3854,0
4933,0
4777,0
1715,1
6448,0
7509,0
6713,0
6457,0
6293,0
1148,1
3261,1
574,1
3769,1
3736,1
4146,0
853,1
1982,1
2774,1
5919,0
4929,0
7521,0
5211,0
1166,1
6614,0
6002,0
971,1
2701,1
4495,0
8173,0
6655,0
3847,0
2368,1
4115,0
4780,0
7992,0
2950,1
5625,0
6971,0
1841,1
5986,0
537,1
2806,1
5801,0
5596,0
7206,0
7343,0
7560,0
8096,0
784,1
1409,1
154,1
7806,0
3009,1
1686,1
4014,0
7455,0
3863,0
2733,1
1895,1
5442,0
569,1
6709,0
5854,0
1816,1
3394,1
3327,1
8478,0
6102,0
2975,1
980,1
190,1
5088,0
699,1
8286,0
606,1
301,1
3420,1
8324,0
1060,1
3444,1
1069,1
2205,1
7339,0
8208,0
7679,0
4642,0
7683,0
7996,0
5600,0
7022,0
4893,0
225,1
3354,1
5895,0
3436,1
1693,1
6893,0
1045,1
3446,1
8050,0
8477,0
4735,0
4496,0
1218,1
6015,0
3987,0
4911,0
4493,0
6944,0
5699,0
956,1
2869,1
4433,0
4973,0
2961,1
2200,1
98,1
8366,0
2557,1
4199,0
5539,0
1648,1
6197,0
6295,0
4499,0
1154,1
2255,1
3170,1
7400,0
7158,0
3108,1
4548,0
5423,0
2049,1
8317,0
262,1
4061,0
5534,0
6616,0
8120,0
8155,0
1802,1
4736,0
2385,1
6694,0
5759,0
1959,1
2976,1
1843,1
1734,1
2911,1
1986,1
6546,0
7098,0
2811,1
659,1
2511,1
4282,0
6287,0
1930,1
7125,0
197,1
7777,0
2931,1
8004,0
2327,1
4389,0
4218,0
202,1
3510,1
4931,0
5535,0
5791,0
1707,1
5172,0
5249,0
6528,0
8365,0
5855,0
8164,0
854,1
4737,0
698,1
3696,1
1636,1
7280,0
7554,0
3581,1
1291,1
6585,0
1853,1
5232,0
3763,1
3304,1
1495,1
7994,0
1998,1
663,1
3748,1
4413,0
5530,0
5575,0
7526,0
5864,0
6776,0
1306,1
7392,0
5592,0
1663,1
5450,0
3627,1
2693,1
5915,0
3157,1
6668,0
1059,1
4636,0
3242,1
1678,1
6892,0
6374,0
7574,0
1757,1
6019,0
5116,0
7408,0
2790,1
863,1
7858,0
1484,1
7035,0
7721,0
5977,0
5134,0
206,1
4488,0
6938,0
6910,0
502,1
7385,0
1028,1
3840,0
8110,0
5056,0
8154,0
2731,1
2454,1
7215,0
3104,1
8392,0
6278,0
3099,1
6184,0
3561,1
5892,0
391,1
6736,0
5618,0
5258,0
2695,1
2027,1
5463,0
2568,1
8006,0
64,1
2062,1
5276,0
7208,0
6331,0
4859,0
4887,0
878,1
7916,0
6863,0
7892,0
6439,0
7869,0
1016,1
7629,0
995,1
4297,0
161,1
5675,0
6873,0
7989,0
3843,0
1021,1
3073,1
7555,0
3943,0
1585,1
3152,1
8226,0
775,1
7099,0
5486,0
6235,0
7041,0
2612,1
7513,0
8433,0
5393,0
3890,0
3556,1
1528,1
1267,1
7734,0
1899,1
4658,0
3005,1
2734,1
189,1
2747,1
2047,1
7849,0
2558,1
6396,0
3385,1
4555,0
1184,1
6420,0
5051,0
5311,0
2433,1
6949,0
769,1
1685,1
8322,0
5578,0
4426,0
466,1
6265,0
5734,0
5191,0
5390,0
860,1
7270,0
